species,latitude,longitude
Gagea afghanica,39.578063,64.646654
Gagea afghanica,39.602251,64.636665
Gagea afghanica,39.649177,64.624135
Gagea afghanica,39.807965,65.498753
Gagea afghanica,38.95757,65.922919
Gagea afghanica,38.955794,65.892093
Gagea afghanica,39.55,66.15
Gagea afghanica,39.816988,65.319222
Gagea afghanica,39.76791,65.322171
Gagea afghanica,39.725308,65.319433
Gagea afghanica,39.841133,67.180263
Gagea afghanica,40.609046,65.977292
Gagea afghanica,40.682255,66.819084
Gagea afghanica,40.636244,66.612961
Gagea afghanica,40.536566,65.716849
Gagea afghanica,40.187816,66.825871
Gagea afghanica,40.513605,65.836752
Gagea afghanica,39.870823,67.423043
Gagea afghanica,39.866101,67.370213
Gagea afghanica,39.880524,67.317989
Gagea afghanica,39.906866,67.308765
Gagea afghanica,39.912103,67.260779
Gagea afghanica,39.905543,67.277903
Gagea afghanica,39.915406,67.331376
Gagea afghanica,39.900586,67.348151
Gagea afghanica,39.914263,67.405405
Gagea afghanica,39.923722,67.219012
Gagea afghanica,39.928004,67.166135
Gagea afghanica,39.918495,67.107984
Gagea afghanica,39.922026,67.048772
Gagea afghanica,39.924992,66.980918
Gagea afghanica,39.946807,66.967557
Gagea afghanica,39.925239,66.971166
Gagea afghanica,40.048375,66.963719
Gagea afghanica,40.095759,66.961848
Gagea afghanica,40.103715,66.917954
Gagea afghanica,40.141354,66.904265
Gagea afghanica,40.130332,66.844724
Gagea afghanica,40.139677,66.803296
Gagea afghanica,40.140774,66.734454
Gagea afghanica,40.183378,66.627498
Gagea afghanica,40.179569,66.580049
Gagea afghanica,40.216735,66.555376
Gagea afghanica,40.223495,66.516049
Gagea afghanica,40.226359,66.462971
Gagea afghanica,40.228469,66.399431
Gagea afghanica,40.235312,66.334044
Gagea afghanica,40.237709,66.291129
Gagea afghanica,40.274407,66.27038
Gagea afghanica,40.309265,66.190274
Gagea afghanica,40.309537,66.119528
Gagea afghanica,40.316699,66.070575
Gagea afghanica,40.315095,66.017789
Gagea afghanica,40.315417,65.938683
Gagea afghanica,40.312335,65.882565
Gagea afghanica,40.365128,65.879761
Gagea afghanica,40.320181,65.777495
Gagea afghanica,40.315395,65.734782
Gagea afghanica,40.355621,65.718001
Gagea afghanica,40.411689,65.758576
Gagea afghanica,40.44991,65.756426
Gagea afghanica,40.451079,65.708014
Gagea afghanica,40.497706,65.704955
Gagea afghanica,40.499919,65.666991
Gagea afghanica,40.500626,65.607215
Gagea afghanica,40.549946,65.601795
Gagea afghanica,40.545209,65.551863
Gagea afghanica,40.585061,65.533925
Gagea afghanica,40.612626,65.466964
Gagea afghanica,40.594647,65.378429
Gagea afghanica,40.694705,65.656522
Gagea afghanica,40.539841,66.739813
Gagea afghanica,40.462617,66.844219
Gagea afghanica,40.444816,67.017048
Gagea afghanica,40.388193,67.124291
Gagea afghanica,40.318868,67.280106
Gagea afghanica,40.306666,67.317461
Gagea afghanica,40.326604,67.398552
Gagea afghanica,40.313722,67.436842
Gagea afghanica,40.286705,67.47703
Gagea afghanica,40.251005,67.531706
Gagea afghanica,40.202169,67.614075
Gagea afghanica,40.177041,67.641085
Gagea afghanica,40.157425,67.67639
Gagea afghanica,40.108986,67.67933
Gagea afghanica,40.045762,67.622251
Gagea afghanica,39.989636,67.548033
Gagea afghanica,39.951318,67.534168
Gagea afghanica,39.893408,67.51059
Gagea afghanica,39.853718,67.496245
Gagea afghanica,40.585612,66.681879
Gagea afghanica,40.598509,66.564374
Gagea afghanica,40.670929,66.434699
Gagea afghanica,40.665649,66.355375
Gagea afghanica,40.685719,66.208898
Gagea afghanica,40.689508,66.208898
Gagea afghanica,40.669476,65.876806
Gagea afghanica,40.729225,65.813423
Gagea afghanica,40.689193,65.260021
Gagea afghanica,40.502206,65.134248
Gagea afghanica,40.455506,65.166414
Gagea afghanica,40.40494,65.22085
Gagea afghanica,40.355446,65.267936
Gagea afghanica,40.33116,65.311175
Gagea afghanica,40.312464,65.428407
Gagea afghanica,40.279091,65.48939
Gagea afghanica,40.232059,65.538443
Gagea afghanica,40.239438,65.659058
Gagea afghanica,40.197672,65.730938
Gagea afghanica,40.185052,65.794553
Gagea afghanica,40.155631,65.873066
Gagea afghanica,40.140691,65.987737
Gagea afghanica,40.129913,66.106233
Gagea afghanica,40.124239,66.182996
Gagea afghanica,40.104026,66.232504
Gagea afghanica,40.098435,66.332273
Gagea afghanica,40.086973,66.414431
Gagea afghanica,40.05039,66.513268
Gagea afghanica,40.048738,66.690735
Gagea afghanica,40.04044,66.870272
Gagea afghanica,39.958029,66.973621
Gagea afghanica,39.884021,67.03459
Gagea afghanica,39.879075,67.105655
Gagea afghanica,39.848209,67.153996
Gagea afghanica,39.827042,67.219771
Gagea afghanica,39.789809,67.313744
Gagea afghanica,39.80139,67.406046
Gagea afghanica,39.84736,67.475861
Gagea afghanica,39.916153,67.532595
Gagea afghanica,37.730869,66.796979
Gagea afghanica,39.661211,66.967335
Gagea afghanica,39.84148,67.18036
Gagea afghanica,38.174104,68.069909
Gagea afghanica,38.155557,68.09861
Gagea afghanica,38.131047,68.109657
Gagea afghanica,38.117099,68.159921
Gagea afghanica,38.084799,68.05871
Gagea afghanica,38.100901,67.629187
Gagea afghanica,38.271536,67.105927
Gagea afghanica,38.055424,67.329094
Gagea afghanica,37.503285,67.309262
Gagea afghanica,37.504802,67.275041
Gagea afghanica,37.321362,67.35818
Gagea afghanica,37.307599,67.334259
Gagea afghanica,37.377042,67.374789
Gagea afghanica,37.662611,67.018022
Gagea afghanica,38.297427,65.562362
Gagea afghanica,38.284973,66.250403
Gagea afghanica,39.66195,66.964861
Gagea afghanica,42.515601,65.247822
Gagea afghanica,38.3152,66.2099
Gagea afghanica,37.865882,67.059638
Gagea afghanica,40.8488,66.8071
Gagea afghanica,41.038368,69.374949
Gagea afghanica,38.125049,67.18198
Gagea afghanica,41.141277,72.020485
Gagea afghanica,41.145119,72.023826
Gagea afghanica,42.161827,63.61705
Gagea afghanica,38.564951,66.277662
Gagea afghanica,38.572008,66.333506
Gagea afghanica,38.542311,66.280385
Gagea afghanica,41.687124,63.021725
Gagea afghanica,38.687424,65.638542
Gagea afghanica,38.637943,65.682903
Gagea afghanica,38.708075,65.61078
Gagea afghanica,38.272841,67.137271
Gagea afghanica,40.351992,71.839166
Gagea afghanica,40.386161,71.67156
Gagea afghanica,40.837642,65.673835
Gagea afghanica,39.949274,68.34896
Gagea afghanica,38.0347,67.1646
Gagea afghanica,42.05181,63.42226
Gagea afghanica,38.707975,65.615173
Gagea afghanica,38.714853,65.604646
Gagea afghanica,38.714668,65.601618
